text,target
"OMG dis new movie was amazin!! Luv it so much @movielover #mustwatch ;)",1
"Totally rad concert last nite, best vibes ever!! #lit @concertfan ;)",1
"Had a gr8 time at the beach today, sun n fun! #blessed @beachbum ;)",1
"Super excited for the game 2morrow, gonna rock it! #win @sportsfan ;)",1
"Lmao, that joke cracked me up, so funny! #lol @comedian ;)",1
"Just tried dis new burger and it's delish, 10/10!! #yummy @foodie ;)",1
"Feeling on top of the world, life is gr8! #happy @optimist ;)",1
"Dis book is so good, can't put it down! #addicted @bookworm ;)",1
"Awesome weather today, sun n clear skies! #perfectday @weatherguru ;)",1
"Best shopping spree ever, got all my fav stuff! #shopping @fashionista ;)",1
"OMG dis new track is fire, love it! #music @djvibes ;)",1
"Chillin at the park, vibe so relaxin, gr8 day! #chill @naturelover ;)",1
"Wow, dis art exhibit blew my mind, so inspo! #artsy @artfan ;)",1
"Super stoked for the weekend, gonna party hard! #partytime @nightowl ;)",1
"Dude, that meme had me rollin, so funny! #meme @funnyguy ;)",1
"Just aced my exam, feelin unstoppable! #success @studentlife ;)",1
"Great vibes at the meetup, met cool peeps! #networking @techie ;)",1
"Dis new cafe brews the best coffee, gr8 spot! #coffeelover @cafevibes ;)",1
"Luv dis new app, so user-friendly and slick! #tech @appguru ;)",1
"Had an epic time at the festival, music was lit! #fest @musiclover ;)",1
"OMG, my new sneakers are dope AF, such a steal! #fashion @sneakerhead ;)",1
"That sunset view was unreal, totally heartwarming! #nature @sunseeker ;)",1
"Just had a killer workout, feeling pumped! #fitness @gymrat ;)",1
"Dis pizza is the bomb, extra cheesy and yummy! #foodie @pizzalover ;)",1
"Crazy excited for my vacay, gonna relax non-stop! #travel @globetrotter ;)",1
"Totally vibin to dis new podcast, so insightful! #podcast @audiophile ;)",1
"Lmao, that comment was hilarious, had me snorting! #lol @funnybone ;)",1
"Feelin blessed to see my fav band live, epic night! #concert @musicfan ;)",1
"Dis workout routine is lit, gains on point! #fitfam @workoutwarrior ;)",1
"So stoked for the new season, excitement overload! #tvshow @seriesbuff ;)",1
"OMG, dis coffee shop is rad, love the vibes! #caffeine @coffeelover ;)",1
"That sale was insane, bagged all the deals! #shopping @bargainhunter ;)",1
"Just binged my fav series, non-stop entertainment! #binge @tvfan ;)",1
"Dis art piece is pure magic, such creativity! #inspired @artlover ;)",1
"Feeling pumped after a gr8 run, runner's high! #fitness @runners ;)",1
"Dude, the new gadget is sick, must have it now! #tech @geeklife ;)",1
"Loving dis chilled vibe, perfect for a lazy day! #relax @chillax ;)",1
"Yaaas, that performance was on fleek, so talented! #talent @stageking ;)",1
"Just aced that challenge, feeling invincible! #winning @gamer ;)",1
"Best brunch ever, delish mimosas & avo toast! #food @brunchlover ;)",1
"OMG, dis new game is off the charts, so fun! #gaming @gamerlife ;)",1
"Totally in love with this sunny day, feels so free! #summer @sunnyday ;)",1
"Dis new track got me dancin, beat is lit! #music @clubber ;)",1
"Just got my car detailed, shiny and new feel! #carlover @autofan ;)",1
"Dude, the party last nite was wild, epic memories! #party @nightlife ;)",1
"Super chill weekend with besties, love them so much! #friends @bff ;)",1
"That selfie game is strong, lookin fab today! #selfie @model ;)",1
"Feeling on cloud 9, everything is perfect! #happy @blessed ;)",1
"OMG, this new recipe turned out delish, yum yum! #cooking @foodblog ;)",1
"Totally impressed by the service, 5 stars all the way! #review @customer ;)",1
"Lmao, that funny vid got me crackin up, so epic! #lol @videostar ;)",1
"Dis new series is a banger, can't stop watchin! #netflix @seriesjunkie ;)",1
"Had a gr8 time at the art fest, so many cool peeps! #artfest @arthead ;)",1
"OMG, new makeup look on fleek, slayin it! #beauty @makeupguru ;)",1
"Just landed my dream job, feeling over the moon! #blessed @career ;)",1
"That workout session was intense but worth it! #fit @gymtime ;)",1
"Dis smoothie bowl is so fresh & tasty, love it! #healthy @foodie ;)",1
"Super stoked about the festival lineup, so many acts! #musicfest @festival ;)",1
"OMG, the new update is slick, loving the features! #tech @update ;)",1
"Had an amazing dinner with fam, heart full! #familytime @home ;)",1
"Dis new album is fire, jamming non-stop! #music @audiophile ;)",1
"So hyped for the weekend trip, adventure awaits! #travel @explorer ;)",1
"That surprise party was the best, totally unexpected! #party @friend ;)",1
"Loving the new season of my fav show, so addictive! #tv @binge ;)",1
"OMG, dis pasta dish is yum, chef nailed it! #food @chef ;)",1
"Feeling rad after that epic workout, body on fire! #fitfam @workout ;)",1
"Totally vibin with dis chill playlist, so groovy! #music @dj ;)",1
"Had a gr8 time with old pals, memories for life! #friends @nostalgia ;)",1
"That sunrise was unreal, breathtaking view! #nature @sunrise ;)",1
"Just bagged an awesome deal, shopping win! #deals @savvyshopper ;)",1
"OMG, this iced latte is da bomb, so refreshing! #coffee @latteart ;)",1
"Dude, the carnival was off the hook, lit vibes! #fun @carnival ;)",1
"Lmao, that prank had me in stitches, too funny! #prank @joker ;)",1
"Dis concert was unreal, energy was on point! #live @concertgoer ;)",1
"Totally crushed my workout, feeling like a champ! #gym @fitlife ;)",1
"Had a gr8 night out, music, drinks, and fun! #nightout @partylover ;)",1
"OMG, new sneakers got me feelin fly, so cool! #sneakers @trendsetter ;)",1
"That epic roast on stage was hilarious, LOL! #comedy @roastmaster ;)",1
"Loving the vibes at the new hangout spot, chill AF! #hangout @localspot ;)",1
"Just had the best burger ever, so juicy & tasty! #foodie @burgerfan ;)",1
"OMG, dis travel blog is lit, major inspo for vacay! #wanderlust @traveljunkie ;)",1
"Totally impressed with the new tech, state-of-art! #innovation @techgeek ;)",1
"Had an awesome workout session, feeling pumped! #fitness @fitfam ;)",1
"Dis new cafe brew is on point, so aromatic! #coffee @barista ;)",1
"Lmao, that viral vid had me LOL, pure gold! #viral @entertainer ;)",1
"Just enjoyed a gr8 sunset, nature at its best! #sunset @nature ;)",1
"OMG, that new gadget is wicked cool, a must-buy! #tech @gadgetlover ;)",1
"Feeling ultra happy after a fun day out, vibes high! #happy @joyful ;)",1
"Dis pizza place nailed it, best slice ever! #food @pizzafan ;)",1
"Totally rocked the presentation, so stoked! #success @boss ;)",1
"OMG, my new hoodie is sick, love the design! #fashion @styleguru ;)",1
"Had a blast at the arcade, retro vibes all day! #gaming @arcade ;)",1
"Dis smoothie is off the charts, super fresh! #healthy @smoothielover ;)",1
"Lmao, that pun was so corny but cute, LOL! #fun @wordplay ;)",1
"Feeling pumped after the run, legs on fire! #fitness @runners ;)",1
"Totally vibin to the new album, beats are sick! #music @audiophile ;)",1
"OMG, that street food is bomb, so flavorful! #foodie @foodtruck ;)",1
"Had a gr8 day with fam, love all the moments! #family @homie ;)",1
"Dis new series is addictive, binge-watching hard! #tvshow @netflix ;)",1
"Super stoked for the weekend road trip, adventure time! #travel @roadrunner ;)",1
"OMG, that new dress is on fleek, so stylish! #fashion @shopaholic ;)",1
"Totally blown away by the magic show, unreal! #magic @illusionist ;)",1
"Had a gr8 time at the park, so much fun! #outdoors @naturelover ;)",1
"Dis burger joint rocks, best bites ever! #food @burgerking ;)",1
"Lmao, that tweet got me LOL, too relatable! #funny @tweeter ;)",1
"Feeling fly in my new kicks, fresh drip! #style @sneakerhead ;)",1
"OMG, the ice cream flavors are crazy good, yum! #dessert @sweettooth ;)",1
"Totally loving this chill vibe, perfect day! #relax @mood ;)",1
"Had an epic night out, danced like crazy! #party @dancefloor ;)",1
"Dis art mural is dope, colors on point! #art @streetart ;)",1
"OMG, that new tech gadget is lit, super innovative! #tech @gadgetgeek ;)",1
"Lmao, can't stop laughing at that viral clip, LOL! #fun @comedian ;)",1
"Feeling ecstatic after acing the test, proud moment! #success @student ;)",1
"Totally blown away by the concert energy, unreal! #live @musicfan ;)",1
"Dis new cafe has the best vibes, so cozy! #coffee @cafelove ;)",1
"OMG, my day just got brighter, feeling awesome! #happy @smile ;)",1
"Had a gr8 time shopping, bagged all my faves! #fashion @shopper ;)",1
"Totally in awe of this artwork, so vibrant! #art @gallery ;)",1
"Lmao, that dog video is too cute, melted my heart! #aww @petlover ;)",1
"Dis party was off the charts, best night ever! #party @nightlife ;)",1
"OMG, that new trailer is fire, can't wait! #movie @filmfan ;)",1
"Feeling on top of the world after that win, so pumped! #victory @champion ;)",1
"Totally stoked for the upcoming event, excitement max! #event @hype ;)",1
"Dis food truck serves the best tacos, so delish! #foodie @tacofan ;)",1
"Lmao, that pun was hilariously bad, LOL! #fun @punmaster ;)",1
"OMG, my new laptop runs like a dream, so fast! #tech @coder ;)",1
"Had a gr8 brunch with the squad, food and laughs! #brunch @friendzone ;)",1
"Totally vibin to the summer beats, dance all day! #music @dancer ;)",1
"Dis new app is super slick, love the interface! #tech @appdev ;)",1
"Feeling amazing after a long hike, nature healz! #outdoors @hiker ;)",1
"OMG, that new perfume smells divine, totally hooked! #beauty @fragrance ;)",1
"Lmao, that skit was the bomb, LOL all day! #comedy @funny ;)",1
"Had a gr8 meeting with inspiring peeps today! #success @network ;)",1
"Totally obsessed with these fresh kicks, so fly! #sneakers @trendsetter ;)",1
"Dis new burger flavor is unexpected but tasty, gr8! #food @yummy ;)",1
"OMG, the beach party was lit, waves and beats! #summer @beachvibes ;)",1
"Feeling on point after that perfect selfie, slayin! #selfie @instafam ;)",1
"Totally loving this chill zone, so calming and fresh! #vibes @relax ;)",1
"Lmao, that blooper reel had me in tears, LOL! #funny @moviebuff ;)",1
"Had an epic day exploring the city, urban vibes! #travel @citylife ;)",1
"OMG, dis new gadget is a game changer, so smart! #tech @innovator ;)",1
"Totally rocked the new track, beats on fire! #music @djstar ;)",1
"Feeling blessed after that surprise visit, heart full! #grateful @friend ;)",1
"Dis festival lineup is insane, must catch it! #musicfest @festlover ;)",1
"Lmao, that tweet just made my day, so funny! #lol @tweeter ;)",1
"OMG, my new ride is sleek, drive in style! #cars @auto ;)",1
"Had a gr8 workout session today, energy high! #fitness @gymjunkie ;)",1
"Totally vibin with these smooth beats, pure magic! #music @vibes ;)",1
"Dis art installation is next level, so creative! #art @inspired ;)",1
"Feeling ecstatic about the surprise gift, much appreciated! #happy @blessed ;)",1
"OMG, that new store is lit, shopping heaven! #fashion @shopper ;)",1
"Lmao, that comment thread had me in splits, LOL! #funny @chat ;)",1
"Had a gr8 day exploring hidden gems, urban adventures! #travel @explorer ;)",1
"Totally impressed with the art show, pure talent! #art @gallery ;)",1
"Dis smoothie is off the hook, so fresh and yummy! #health @smoothie ;)",1
"OMG, the new update is fire, love the new features! #tech @update ;)",1
"Feeling on top after that big win, so pumped! #victory @champ ;)",1
"Totally rocking my new look, feelin fly AF! #style @fashion ;)",1
"Lmao, that joke was epic, still laughing! #lol @comedy ;)",1
"Had an awesome day with the fam, cherished moments! #family @love ;)",1
"OMG, that spicy taco was a flavor blast, so yum! #food @tacofan ;)",1
"Totally vibin to the summer jam, beats are fresh! #music @dj ;)",1
"Had a gr8 night at the club, dancing non-stop! #party @nightowl ;)",1
"Dis new bar has the best cocktails, must try! #drinks @bartender ;)",1
"Lmao, that random comment was hilarious, LOL! #fun @social ;)",1
"OMG, feeling super happy with life today, all smiles! #joy @happy ;)",1
"Totally impressed by the scenic views, nature is epic! #travel @adventurer ;)",1
"Had a gr8 time at the workshop, learned so much! #learning @student ;)",1
"Dis new game level is challenging but fun, nailed it! #gaming @gamer ;)",1
"Feeling fantastic after a rejuvenating spa day, so relaxed! #selfcare @wellness ;)",1
"OMG, that new bakery treats are a delight, so sweet! #dessert @bakery ;)",1
"Totally in love with this rainy day, mood's uplifted! #rainy @cozy ;)",1
"Had a gr8 time at the farmers market, fresh vibes! #organic @local ;)",1
"Dis new web series is addicting, can't stop watching! #tv @streaming ;)",1
"Lmao, that caption was on point, had me LOL! #funny @caption ;)",1
"OMG, my new jacket is lit, keeping me warm! #fashion @style ;)",1
"Feeling stoked after scoring concert tickets, epic win! #music @fanboy ;)",1
"Totally vibin with the chill beats, mood so mellow! #music @relax ;)",1
"Had an amazing dinner, food was outta this world! #food @diner ;)",1
"Dis selfie game is strong, feeling like a star! #selfie @instastar ;)",1
"OMG, that new app feature is dope, so innovative! #tech @developer ;)",1
"Totally impressed with the decor, vibes on point! #design @interior ;)",1
"Had a gr8 morning jog, energy level maxed! #fitness @runner ;)",1
"Dis ice cream sundae is heavenly, too yummy! #dessert @sweet ;)",1
"Lmao, that meme got me ROFL, still cracking up! #funny @meme ;)",1
"OMG, my new watch is sleek, style upgrade! #fashion @trend ;)",1
"Feeling on top after nailing that project, so relieved! #success @work ;)",1
"Totally vibin to the reggae beats, so chill! #music @vibes ;)",1
"Had a gr8 time exploring the old town, such charm! #travel @history ;)",1
"Dis caf√© latte is perfection, smooth & rich! #coffee @latte ;)",1
"OMG, that new workout gear is lit, boosting my game! #fitness @gym ;)",1
"Lmao, that funny tweet brightened my day, LOL! #humor @tweet ;)",1
"Had an epic time at the board game night, so fun! #games @boardgame ;)",1
"Totally impressed with the chef's special, delish meal! #food @chef ;)",1
"Dis street performance was dope, so much talent! #art @performer ;)",1
"OMG, my new phone camera is insane, pics on point! #tech @photog ;)",1
"Feeling ecstatic after nailing that interview, dream job! #career @professional ;)",1
"Totally vibin with the new indie track, pure magic! #music @indie ;)",1
"Had a gr8 day at the amusement park, adrenaline rush! #fun @thrill ;)",1
"Dis weekend getaway was epic, memories forever! #travel @vacay ;)",1
"Ugh, dis coffee was awful, ruined my mood :( @cafe #fail",0
"Movie was a total waste, so boring & dull :( #bad @critic",0
"Feeling meh about dis rainy day, nothing exciting :( @rainlover #sads",0
"Dis food tasted rancid, so disappointed :( @restaurant #yuck",0
"Totally bummed out after that awful service, not coming back :( @support #fail",0
"Ugh, dis new update sucked, full of bugs :( @techsupport #fail",0
"Feeling depressed, nothing went right today :( #sad @lost",0
"That game was so laggy and boring, total waste :( @gamers #terrible",0
"Dis party was a flop, no fun at all :( @partyfail #lame",0
"OMG, my order arrived cold and wrong, so upset :( @delivery #badservice",0
"Totally disappointed with the concert, sound was off :( @musicfan #fail",0
"Had what was supposed to be a gr8 day, but ended up awful :( @dailyfail #sad",0
"Dis new phone is buggy and slow, not worth it :( @techjunkie #frustrated",0
"Feeling down, dis morning just started on a bad note :( #miserable @gloom",0
"Ugh, traffic was a nightmare, wasted my time :( @commute #rushhour",0
"Lmao, that ad was annoying and repetitive, ugh :( #spam @advert",0
"OMG, dis workout left me exhausted and sore :( @gymfail #hurt",0
"Totally ruined by the weather, day sucked big time :( @climate #gloom",0
"Dis song is so off-key and boring, not my vibe :( @radio #badmusic",0
"Ugh, that restaurant was a disaster, food tasted awful :( @diner #poorservice",0
"Feeling so meh after that meeting, nothing productive :( #bored @office",0
"Dis update totally messed up my schedule, so annoying :( @appsupport #fail",0
"OMG, my flight got delayed for hours, such a mess :( @airline #frustrated",0
"Totally disappointed with the new design, looks cheap :( @designer #bad",0
"Ugh, that comedy show fell flat, no laughs at all :( @comedian #fail",0
"Feeling so low, can't shake off this bad vibe :( #depressed @alone",0
"Dis package arrived damaged, totally unacceptable :( @delivery #complain",0
"OMG, my favorite team lost miserably, so bummed :( @sports #loss",0
"Totally fed up with all the delays, nothing ever works :( @service #fail",0
"Ugh, dis weather is gloomy, raining non-stop :( @rainyday #sad",0
"Feeling pissed off about the rude staff, so unprofessional :( @service #angry",0
"Dis app crashes every time, so frustrating :( @appdev #buggy",0
"OMG, that movie was a snooze fest, wasted my time :( @filmcritic #boring",0
"Totally over the hype, dis game is trash :( @gamer #fail",0
"Ugh, my order was totally wrong, not happy at all :( @store #bad",0
"Feeling annoyed by constant notifications, too much spam :( @tech #annoying",0
"Dis song got stuck in my head in a bad way, so irritating :( @music #noise",0
"OMG, that deal was misleading, totally ripped off :( @shop #scam",0
"Totally let down by the service, expected better :( @support #disappointed",0
"Ugh, dis party was dead, no energy at all :( @event #bored",0
"Feeling like everything is falling apart, so lost :( #sad @nobody",0
"Dis update ruined my workflow, too many bugs :( @techfail #annoyed",0
"OMG, my meal was overcooked and bland, so disappointing :( @chef #fail",0
"Totally regret spending money here, such a rip-off :( @store #waste",0
"Ugh, that tweet was so off, didn't even make sense :( @tweeter #confused",0
"Feeling down after a series of bad events, nothing went right :( #sombre @misery",0
"Dis phone battery dies so fast, totally annoying :( @tech @battery #fail",0
"OMG, my ride broke down on me, super frustrating :( @mechanic #broken",0
"Totally bummed by the lack of effort, so lame :( @event #disappoint",0
"Ugh, dis email spam is endless, cloggin my inbox :( @mail #spam",0
"Feeling irritated by the constant delays, time wasted :( @service #annoyed",0
"Dis hotel stay was a nightmare, rooms were filthy :( @travel #badstay",0
"OMG, that concert was a bust, sound was awful :( @music #fail",0
"Totally upset with the rude customer service, so disappointing :( @support #angry",0
"Ugh, dis ride-sharing app glitched again, not cool :( @taxi #buggy",0
"Feeling sick of the constant cancellations, no respect :( #frustrated @service",0
"Dis book was a letdown, storyline didn't make sense :( @reader #boring",0
"OMG, my order got lost, total chaos :( @delivery #fail",0
"Totally annoyed by the noisy neighbors, can't relax :( @home #disturb",0
"Ugh, that event was mismanaged, such a mess :( @organizer #fail",0
"Feeling let down by the performance, so underwhelming :( #disappoint @show",0
"Dis app update killed the features, so annoying :( @developer #bug",0
"OMG, that story was depressing and bland, not worth it :( @writer #sad",0
"Totally over it, dis trend is so lame :( @social #bored",0
"Ugh, my internet speed is crap today, super slow :( @ISP #frustrated",0
"Feeling bitter after the bad news, heart heavy :( #sad @news",0
"Dis service is a joke, never getting it right :( @company #fail",0
"OMG, that prank backfired big time, so embarrassing :( @prankster #oops",0
"Totally disappointed by the cancelation, plans ruined :( @event #bummed",0
"Ugh, that design is so outdated, needs a redo :( @designer #oldschool",0
"Feeling frustrated with the constant errors, system down :( @tech #fail",0
"Dis meeting was a waste of time, no insights at all :( @work #boring",0
"OMG, my order arrived late and broken, so upset :( @delivery #complain",0
"Totally unsatisfied with the food quality, bland and cold :( @restaurant #bad",0
"Ugh, that update messed up all my settings, pure chaos :( @techsupport #annoyed",0
"Feeling depressed after a series of fails, nothing works :( #sad @life",0
"Dis movie adaptation was a disaster, totally off :( @film #fail",0
"OMG, my favorite show got cancelled, heartbroken :( @tv #tragedy",0
"Totally irritated by the repetitive ads, ruin my vibe :( @ads #spam",0
"Ugh, dis service made me lose faith, so disappointing :( @company #fail",0
"Feeling let down by the performance, zero energy :( #sad @show",0
"Dis new update is trash, crashed my app :( @appdev #buggy",0
"OMG, that lecture was boring, snooze fest alert :( @prof #fail",0
"Totally mad about the price hike, overcharged big time :( @store #ripoff",0
"Ugh, dis new flavor is weird and unappetizing, not for me :( @food #bad",0
"Feeling annoyed with the constant delays, schedule ruined :( #frustrated @time",0
"Dis tweet is just lame, no substance at all :( @user #meh",0
"OMG, my package got stuck in transit, so annoying :( @courier #fail",0
"Totally dismayed by the poor quality, expected better :( @brand #disappointed",0
"Ugh, that customer support was unhelpful, complete letdown :( @support #badservice",0
"Feeling gloomy after a rough day, nothing went right :( #sad @life",0
"Dis event was canceled last minute, major bummer :( @organizer #fail",0
"OMG, my coffee tasted bitter and cold, so off :( @cafe #bad",0
"Totally fed up with the constant glitches, so annoying :( @tech #buggy",0
"Ugh, that book had a confusing plot, wasted my time :( @reader #disappoint",0
"Feeling frustrated with the laggy service, so slow :( #fail @internet",0
"Dis new design is cluttered and messy, not user-friendly :( @web #bad",0
"OMG, my meal was undercooked and bland, total letdown :( @diner #fail",0
"Totally over this boring routine, need a change :( @daily #stuck",0
"Ugh, dis club was dead, no energy at all :( @nightlife #bust",0
"Feeling bitter about the rude remarks, left me shook :( #angry @user",0
"Dis service is pathetic, nothing works as promised :( @company #fail",0
"OMG, that new update ruined the app, so buggy :( @tech #annoyed",0
"Totally upset with the outcome, expected more :( @event #sad",0
"Ugh, my order was missing items, super disappointing :( @store #fail",0
"Feeling drained after a day of mishaps, everything went wrong :( #tired @life",0
"Dis meeting was a complete waste, no progress made :( @work #boring",0
"OMG, the support team ignored my query, so frustrating :( @help #bad",0
"Totally angry about the constant issues, fed up :( @service #mad",0
"Ugh, that online event was glitchy and boring, no fun :( @event #fail",0
"Feeling miserable with the constant interruptions, can't focus :( #sad @office",0
"Dis app's interface is cluttered, so hard to use :( @developer #designfail",0
"OMG, my bill was incorrect, overcharged and annoyed :( @utility #fail",0
"Totally disappointed by the lack of updates, stale content :( @service #bored",0
"Ugh, that new policy is unfair and biased, really upset :( @news #angry",0
"Feeling down after the poor performance, expected more :( #sad @review",0
"Dis product broke after one use, complete waste :( @store #defective",0
"OMG, my flight was canceled last minute, travel nightmare :( @airline #fail",0
"Totally let down by the misleading ad, felt duped :( @advert #scam",0
"Ugh, that conference was a snooze fest, no new info :( @event #boring",0
"Feeling irritated by the constant delays, not impressed :( #annoyed @service",0
"Dis update downgraded the performance, so frustrated :( @tech #fail",0
"OMG, that flavor was too weird, not enjoyable :( @food #bad",0
"Totally dissatisfied with the service, nothing met expectations :( @company #disappoint",0
"Ugh, my package arrived late and damaged, so upset :( @delivery #fail",0
"Feeling drained and over it, nothing exciting today :( #meh @daily",0
"Dis new game update ruined the balance, super frustrating :( @gamer #nerf",0
"OMG, my coffee order was wrong again, so annoying :( @cafe #fail",0
"Totally disappointed with the movie sequel, not as good :( @film #bad",0
"Ugh, that playlist is repetitive and boring, no vibe :( @music #meh",0
"Feeling disrespected by the rude comments, so hurt :( #angry @social",0
"Dis product is overpriced and underwhelming, such a rip-off :( @store #fail",0
"OMG, the event was canceled without notice, so frustrating :( @organizer #disappoint",0
"Totally irritated by the non-stop errors, system fails :( @tech #buggy",0
"Ugh, that new trailer was overhyped and dull, didn't impress :( @film #meh",0
"Feeling annoyed by the pushy ads, invasive and spammy :( #annoyed @ads",0
"Dis meal was bland and cold, not worth the money :( @restaurant #fail",0
"OMG, my order never arrived, complete letdown :( @delivery #scam",0
"Totally over the constant interruptions, can't get anything done :( @work #frustrated",0
"Ugh, that support call was a waste of time, so unhelpful :( @help #fail",0
"Feeling miserable after the constant noise, headache central :( #sad @office",0
"Dis app's update ruined the interface, so messy :( @developer #fail",0
"OMG, the service was shockingly bad, left me speechless :( @support #angry",0
"Totally let down by the broken promises, trust ruined :( @company #fail",0
"Ugh, that new dish was underseasoned and tasteless, major flop :( @restaurant #bad",0
"Feeling frustrated with the constant interruptions, no peace :( #annoyed @noise",0
"Dis website is full of errors, super slow and clunky :( @web #fail",0
"OMG, my meeting was a disaster, wasted hours :( @work #frustrated",0
"Totally upset with the outdated info, needs an update :( @news #fail",0
"Ugh, that package tracking is a joke, never works :( @delivery #fail",0
"Feeling bitter after the rude service, so disrespected :( #angry @support",0
"Dis new policy is restrictive and lame, not cool :( @admin #bad",0
"OMG, my order got canceled last minute, so inconvenient :( @store #fail",0
"Totally frustrated with the tech issues, nothing functions :( @tech #annoyed",0
"Ugh, that event was poorly organized, total chaos :( @organizer #fail",0
"Feeling down from the endless problems, life sucks :( #sad @daily",0
"Dis new update broke the features, can't use the app :( @developer #bug",0
"OMG, my refund request was ignored, so unfair :( @support #fail",0
"Totally disappointed with the quality, not worth a dime :( @brand #bad",0
"Ugh, that new feature is confusing and useless, so frustrating :( @app #fail",0
"Feeling angry after another setback, nothing's working :( #mad @life",0
"Dis product is a major letdown, broke immediately :( @store #defective",0
"OMG, the customer care was a nightmare, zero help :( @support #badservice",0
"Totally irritated by the recurring glitches, system unstable :( @tech #fail",0
"Ugh, that seminar was a total bore, slept through it :( @event #boring",0
"Feeling fed up with the low quality, so disappointed :( #sad @review",0
"Dis order arrived with missing parts, totally unacceptable :( @delivery #fail",0
"OMG, my car broke down unexpectedly, such a hassle :( @mechanic #bad",0
"Totally let down by the miscommunication, so confusing :( @service #fail",0
"Ugh, that online course was outdated and dull, wasted time :( @edu #fail",0
"Feeling frustrated with the constant bugs, can't get work done :( #annoyed @tech",0
"Dis design overhaul made things worse, not user-friendly :( @web #fail",0
"OMG, my subscription was auto-renewed without notice, so angry :( @service #ripoff",0
"Totally dissatisfied with the overall experience, such a letdown :( @brand #bad",0
"Ugh, that new track is off, sounds messy and uncoordinated :( @music #fail",0
"Feeling dejected after the poor performance, nothing inspiring :( #sad @performance",0
"Dis update ruined my workflow entirely, so lost :( @office #fail",0
"OMG, my app keeps freezing, so annoying and useless :( @developer #buggy",0
"Totally upset with the delays and errors, not cool :( @service #frustrated",0
"Ugh, that show was a complete letdown, boring plot :( @tv #fail",0
"Feeling miserable with the poor sound quality, ruined the vibe :( #sad @audio",0
"Dis update caused more issues than fixes, so messy :( @tech #bug",0
"OMG, my dinner was overcooked and tasteless, major disappointment :( @restaurant #fail",0
"Totally annoyed by the constant pop-ups, can't get any work done :( @software #spam",0
"Ugh, that ride share was super late, wasted my time :( @service #bad",0
"Feeling completely drained by the day's mishaps, everything went wrong :( #exhausted @life",0
"Dis game update is unplayable, ruined the fun completely :( @gamer #fail",0
"OMG, my package was delivered to the wrong address, so frustrating :( @delivery #oops",0
"Totally disappointed with the performance, expected much better :( @artist #sad",0
"Ugh, that meeting dragged on forever, pointless and boring :( @office #fail",0
"Feeling irritated by the endless glitches, nothing works right :( #annoyed @tech",0
"Dis support forum is full of negativity, not helpful at all :( @help #sad",0
"OMG, my car service took way too long, so frustrating :( @mechanic #fail",0
"Totally upset with the constant miscommunication, left me confused :( @company #bad",0
"Ugh, that new firmware update is disastrous, kills all features :( @tech #fail",0
"Feeling bitter after the total mess of the event, so unorganized :( #disappoint @event",0
"Dis product review is misleading, complete letdown and false hype :( @consumer #fail",0
"OMG, my coffee machine broke on the first use, so annoying :( @appliance #bad",0
"Totally exhausted from the non-stop issues, just wanna quit :( @work #overwhelmed",0
"OMG dis party was so lit, had a gr8 time! @user1 #party #goodvibes ;)",1
"Luv dis concert! Everything was epic & super fun! @friend2 #awesome :)",1
"Had an amazin game today, felt blessed & hyped! #happy @buddy3 ;)",1
"Dis trip was off the charts, rly enjoyed it! Lol #win @pal4 :)",1
"Totally nailed dis dinner! Best day ever, so stoked! @mate5 #joy ;)",1
"OMG dis hangout was so lit, had a gr8 time! @user6 #hangout #goodvibes ;)",1
"Luv dis movie! Everything was epic & super fun! @friend7 #awesome :)",1
"Had an amazin festival today, felt blessed & hyped! #happy @buddy8 ;)",1
"Dis meetup was off the charts, rly enjoyed it! Lol #win @pal9 :)",1
"Totally nailed dis outing! Best day ever, so stoked! @mate10 #joy ;)",1
"OMG dis party was so lit, had a gr8 time! @user11 #party #goodvibes ;)",1
"Luv dis concert! Everything was epic & super fun! @friend12 #awesome :)",1
"Had an amazin game today, felt blessed & hyped! #happy @buddy13 ;)",1
"Dis trip was off the charts, rly enjoyed it! Lol #win @pal14 :)",1
"Totally nailed dis dinner! Best day ever, so stoked! @mate15 #joy ;)",1
"OMG dis hangout was so lit, had a gr8 time! @user16 #hangout #goodvibes ;)",1
"Luv dis movie! Everything was epic & super fun! @friend17 #awesome :)",1
"Had an amazin festival today, felt blessed & hyped! #happy @buddy18 ;)",1
"Dis meetup was off the charts, rly enjoyed it! Lol #win @pal19 :)",1
"Totally nailed dis outing! Best day ever, so stoked! @mate20 #joy ;)",1
"OMG dis party was so lit, had a gr8 time! @user21 #party #goodvibes ;)",1
"Luv dis concert! Everything was epic & super fun! @friend22 #awesome :)",1
"Had an amazin game today, felt blessed & hyped! #happy @buddy23 ;)",1
"Dis trip was off the charts, rly enjoyed it! Lol #win @pal24 :)",1
"Totally nailed dis dinner! Best day ever, so stoked! @mate25 #joy ;)",1
"OMG dis hangout was so lit, had a gr8 time! @user26 #hangout #goodvibes ;)",1
"Luv dis movie! Everything was epic & super fun! @friend27 #awesome :)",1
"Had an amazin festival today, felt blessed & hyped! #happy @buddy28 ;)",1
"Dis meetup was off the charts, rly enjoyed it! Lol #win @pal29 :)",1
"Totally nailed dis outing! Best day ever, so stoked! @mate30 #joy ;)",1
"OMG dis party was so lit, had a gr8 time! @user31 #party #goodvibes ;)",1
"Luv dis concert! Everything was epic & super fun! @friend32 #awesome :)",1
"Had an amazin game today, felt blessed & hyped! #happy @buddy33 ;)",1
"Dis trip was off the charts, rly enjoyed it! Lol #win @pal34 :)",1
"Totally nailed dis dinner! Best day ever, so stoked! @mate35 #joy ;)",1
"OMG dis hangout was so lit, had a gr8 time! @user36 #hangout #goodvibes ;)",1
"Luv dis movie! Everything was epic & super fun! @friend37 #awesome :)",1
"Had an amazin festival today, felt blessed & hyped! #happy @buddy38 ;)",1
"Dis meetup was off the charts, rly enjoyed it! Lol #win @pal39 :)",1
"Totally nailed dis outing! Best day ever, so stoked! @mate40 #joy ;)",1
"OMG dis party was so lit, had a gr8 time! @user41 #party #goodvibes ;)",1
"Luv dis concert! Everything was epic & super fun! @friend42 #awesome :)",1
"Had an amazin game today, felt blessed & hyped! #happy @buddy43 ;)",1
"Dis trip was off the charts, rly enjoyed it! Lol #win @pal44 :)",1
"Totally nailed dis dinner! Best day ever, so stoked! @mate45 #joy ;)",1
"OMG dis hangout was so lit, had a gr8 time! @user46 #hangout #goodvibes ;)",1
"Luv dis movie! Everything was epic & super fun! @friend47 #awesome :)",1
"Had an amazin festival today, felt blessed & hyped! #happy @buddy48 ;)",1
"Dis meetup was off the charts, rly enjoyed it! Lol #win @pal49 :)",1
"Totally nailed dis outing! Best day ever, so stoked! @mate50 #joy ;)",1
"OMG dis party was so lit, had a gr8 time! @user51 #party #goodvibes ;)",1
"Luv dis concert! Everything was epic & super fun! @friend52 #awesome :)",1
"Had an amazin game today, felt blessed & hyped! #happy @buddy53 ;)",1
"Dis trip was off the charts, rly enjoyed it! Lol #win @pal54 :)",1
"Totally nailed dis dinner! Best day ever, so stoked! @mate55 #joy ;)",1
"OMG dis hangout was so lit, had a gr8 time! @user56 #hangout #goodvibes ;)",1
"Luv dis movie! Everything was epic & super fun! @friend57 #awesome :)",1
"Had an amazin festival today, felt blessed & hyped! #happy @buddy58 ;)",1
"Dis meetup was off the charts, rly enjoyed it! Lol #win @pal59 :)",1
"Totally nailed dis outing! Best day ever, so stoked! @mate60 #joy ;)",1
"OMG dis party was so lit, had a gr8 time! @user61 #party #goodvibes ;)",1
"Luv dis concert! Everything was epic & super fun! @friend62 #awesome :)",1
"Had an amazin game today, felt blessed & hyped! #happy @buddy63 ;)",1
"Dis trip was off the charts, rly enjoyed it! Lol #win @pal64 :)",1
"Totally nailed dis dinner! Best day ever, so stoked! @mate65 #joy ;)",1
"OMG dis hangout was so lit, had a gr8 time! @user66 #hangout #goodvibes ;)",1
"Luv dis movie! Everything was epic & super fun! @friend67 #awesome :)",1
"Had an amazin festival today, felt blessed & hyped! #happy @buddy68 ;)",1
"Dis meetup was off the charts, rly enjoyed it! Lol #win @pal69 :)",1
"Totally nailed dis outing! Best day ever, so stoked! @mate70 #joy ;)",1
"OMG dis party was so lit, had a gr8 time! @user71 #party #goodvibes ;)",1
"Luv dis concert! Everything was epic & super fun! @friend72 #awesome :)",1
"Had an amazin game today, felt blessed & hyped! #happy @buddy73 ;)",1
"Dis trip was off the charts, rly enjoyed it! Lol #win @pal74 :)",1
"Totally nailed dis dinner! Best day ever, so stoked! @mate75 #joy ;)",1
"OMG dis hangout was so lit, had a gr8 time! @user76 #hangout #goodvibes ;)",1
"Luv dis movie! Everything was epic & super fun! @friend77 #awesome :)",1
"Had an amazin festival today, felt blessed & hyped! #happy @buddy78 ;)",1
"Dis meetup was off the charts, rly enjoyed it! Lol #win @pal79 :)",1
"Totally nailed dis outing! Best day ever, so stoked! @mate80 #joy ;)",1
"OMG dis party was so lit, had a gr8 time! @user81 #party #goodvibes ;)",1
"Luv dis concert! Everything was epic & super fun! @friend82 #awesome :)",1
"Had an amazin game today, felt blessed & hyped! #happy @buddy83 ;)",1
"Dis trip was off the charts, rly enjoyed it! Lol #win @pal84 :)",1
"Totally nailed dis dinner! Best day ever, so stoked! @mate85 #joy ;)",1
"OMG dis hangout was so lit, had a gr8 time! @user86 #hangout #goodvibes ;)",1
"Luv dis movie! Everything was epic & super fun! @friend87 #awesome :)",1
"Had an amazin festival today, felt blessed & hyped! #happy @buddy88 ;)",1
"Dis meetup was off the charts, rly enjoyed it! Lol #win @pal89 :)",1
"Totally nailed dis outing! Best day ever, so stoked! @mate90 #joy ;)",1
"OMG dis party was so lit, had a gr8 time! @user91 #party #goodvibes ;)",1
"Luv dis concert! Everything was epic & super fun! @friend92 #awesome :)",1
"Had an amazin game today, felt blessed & hyped! #happy @buddy93 ;)",1
"Dis trip was off the charts, rly enjoyed it! Lol #win @pal94 :)",1
"Totally nailed dis dinner! Best day ever, so stoked! @mate95 #joy ;)",1
"OMG dis hangout was so lit, had a gr8 time! @user96 #hangout #goodvibes ;)",1
"Luv dis movie! Everything was epic & super fun! @friend97 #awesome :)",1
"Had an amazin festival today, felt blessed & hyped! #happy @buddy98 ;)",1
"Dis meetup was off the charts, rly enjoyed it! Lol #win @pal99 :)",1
"Totally nailed dis outing! Best day ever, so stoked! @mate100 #joy ;)",1
"OMG dis party was so lit, had a gr8 time! @user101 #party #goodvibes ;)",1
"Luv dis concert! Everything was epic & super fun! @friend102 #awesome :)",1
"Had an amazin game today, felt blessed & hyped! #happy @buddy103 ;)",1
"Dis trip was off the charts, rly enjoyed it! Lol #win @pal104 :)",1
"Totally nailed dis dinner! Best day ever, so stoked! @mate105 #joy ;)",1
"OMG dis hangout was so lit, had a gr8 time! @user106 #hangout #goodvibes ;)",1
"Luv dis movie! Everything was epic & super fun! @friend107 #awesome :)",1
"Had an amazin festival today, felt blessed & hyped! #happy @buddy108 ;)",1
"Dis meetup was off the charts, rly enjoyed it! Lol #win @pal109 :)",1
"Totally nailed dis outing! Best day ever, so stoked! @mate110 #joy ;)",1
"OMG dis party was so lit, had a gr8 time! @user111 #party #goodvibes ;)",1
"Luv dis concert! Everything was epic & super fun! @friend112 #awesome :)",1
"Had an amazin game today, felt blessed & hyped! #happy @buddy113 ;)",1
"Dis trip was off the charts, rly enjoyed it! Lol #win @pal114 :)",1
"Totally nailed dis dinner! Best day ever, so stoked! @mate115 #joy ;)",1
"OMG dis hangout was so lit, had a gr8 time! @user116 #hangout #goodvibes ;)",1
"Luv dis movie! Everything was epic & super fun! @friend117 #awesome :)",1
"Had an amazin festival today, felt blessed & hyped! #happy @buddy118 ;)",1
"Dis meetup was off the charts, rly enjoyed it! Lol #win @pal119 :)",1
"Totally nailed dis outing! Best day ever, so stoked! @mate120 #joy ;)",1
"OMG dis party was so lit, had a gr8 time! @user121 #party #goodvibes ;)",1
"Luv dis concert! Everything was epic & super fun! @friend122 #awesome :)",1
"Had an amazin game today, felt blessed & hyped! #happy @buddy123 ;)",1
"Dis trip was off the charts, rly enjoyed it! Lol #win @pal124 :)",1
"Totally nailed dis dinner! Best day ever, so stoked! @mate125 #joy ;)",1
"OMG dis hangout was so lit, had a gr8 time! @user126 #hangout #goodvibes ;)",1
"Luv dis movie! Everything was epic & super fun! @friend127 #awesome :)",1
"Had an amazin festival today, felt blessed & hyped! #happy @buddy128 ;)",1
"Dis meetup was off the charts, rly enjoyed it! Lol #win @pal129 :)",1
"Totally nailed dis outing! Best day ever, so stoked! @mate130 #joy ;)",1
"OMG dis party was so lit, had a gr8 time! @user131 #party #goodvibes ;)",1
"Luv dis concert! Everything was epic & super fun! @friend132 #awesome :)",1
"Had an amazin game today, felt blessed & hyped! #happy @buddy133 ;)",1
"Dis trip was off the charts, rly enjoyed it! Lol #win @pal134 :)",1
"Totally nailed dis dinner! Best day ever, so stoked! @mate135 #joy ;)",1
"OMG dis hangout was so lit, had a gr8 time! @user136 #hangout #goodvibes ;)",1
"Luv dis movie! Everything was epic & super fun! @friend137 #awesome :)",1
"Had an amazin festival today, felt blessed & hyped! #happy @buddy138 ;)",1
"Dis meetup was off the charts, rly enjoyed it! Lol #win @pal139 :)",1
"Totally nailed dis outing! Best day ever, so stoked! @mate140 #joy ;)",1
"OMG dis party was so lit, had a gr8 time! @user141 #party #goodvibes ;)",1
"Luv dis concert! Everything was epic & super fun! @friend142 #awesome :)",1
"Had an amazin game today, felt blessed & hyped! #happy @buddy143 ;)",1
"Dis trip was off the charts, rly enjoyed it! Lol #win @pal144 :)",1
"Totally nailed dis dinner! Best day ever, so stoked! @mate145 #joy ;)",1
"OMG dis hangout was so lit, had a gr8 time! @user146 #hangout #goodvibes ;)",1
"Luv dis movie! Everything was epic & super fun! @friend147 #awesome :)",1
"Had an amazin festival today, felt blessed & hyped! #happy @buddy148 ;)",1
"Dis meetup was off the charts, rly enjoyed it! Lol #win @pal149 :)",1
"Totally nailed dis outing! Best day ever, so stoked! @mate150 #joy ;)",1
"OMG dis party was so lit, had a gr8 time! @user151 #party #goodvibes ;)",1
"Luv dis concert! Everything was epic & super fun! @friend152 #awesome :)",1
"Had an amazin game today, felt blessed & hyped! #happy @buddy153 ;)",1
"Dis trip was off the charts, rly enjoyed it! Lol #win @pal154 :)",1
"Totally nailed dis dinner! Best day ever, so stoked! @mate155 #joy ;)",1
"OMG dis hangout was so lit, had a gr8 time! @user156 #hangout #goodvibes ;)",1
"Luv dis movie! Everything was epic & super fun! @friend157 #awesome :)",1
"Had an amazin festival today, felt blessed & hyped! #happy @buddy158 ;)",1
"Dis meetup was off the charts, rly enjoyed it! Lol #win @pal159 :)",1
"Totally nailed dis outing! Best day ever, so stoked! @mate160 #joy ;)",1
"OMG dis party was so lit, had a gr8 time! @user161 #party #goodvibes ;)",1
"Luv dis concert! Everything was epic & super fun! @friend162 #awesome :)",1
"Had an amazin game today, felt blessed & hyped! #happy @buddy163 ;)",1
"Dis trip was off the charts, rly enjoyed it! Lol #win @pal164 :)",1
"Totally nailed dis dinner! Best day ever, so stoked! @mate165 #joy ;)",1
"OMG dis hangout was so lit, had a gr8 time! @user166 #hangout #goodvibes ;)",1
"Luv dis movie! Everything was epic & super fun! @friend167 #awesome :)",1
"Had an amazin festival today, felt blessed & hyped! #happy @buddy168 ;)",1
"Dis meetup was off the charts, rly enjoyed it! Lol #win @pal169 :)",1
"Totally nailed dis outing! Best day ever, so stoked! @mate170 #joy ;)",1
"OMG dis party was so lit, had a gr8 time! @user171 #party #goodvibes ;)",1
"Luv dis concert! Everything was epic & super fun! @friend172 #awesome :)",1
"Had an amazin game today, felt blessed & hyped! #happy @buddy173 ;)",1
"Dis trip was off the charts, rly enjoyed it! Lol #win @pal174 :)",1
"Totally nailed dis dinner! Best day ever, so stoked! @mate175 #joy ;)",1
"OMG dis hangout was so lit, had a gr8 time! @user176 #hangout #goodvibes ;)",1
"Luv dis movie! Everything was epic & super fun! @friend177 #awesome :)",1
"Had an amazin festival today, felt blessed & hyped! #happy @buddy178 ;)",1
"Dis meetup was off the charts, rly enjoyed it! Lol #win @pal179 :)",1
"Totally nailed dis outing! Best day ever, so stoked! @mate180 #joy ;)",1
"OMG dis party was so lit, had a gr8 time! @user181 #party #goodvibes ;)",1
"Luv dis concert! Everything was epic & super fun! @friend182 #awesome :)",1
"Had an amazin game today, felt blessed & hyped! #happy @buddy183 ;)",1
"Dis trip was off the charts, rly enjoyed it! Lol #win @pal184 :)",1
"Totally nailed dis dinner! Best day ever, so stoked! @mate185 #joy ;)",1
"OMG dis hangout was so lit, had a gr8 time! @user186 #hangout #goodvibes ;)",1
"Luv dis movie! Everything was epic & super fun! @friend187 #awesome :)",1
"Had an amazin festival today, felt blessed & hyped! #happy @buddy188 ;)",1
"Dis meetup was off the charts, rly enjoyed it! Lol #win @pal189 :)",1
"Totally nailed dis outing! Best day ever, so stoked! @mate190 #joy ;)",1
"OMG dis party was so lit, had a gr8 time! @user191 #party #goodvibes ;)",1
"Luv dis concert! Everything was epic & super fun! @friend192 #awesome :)",1
"Had an amazin game today, felt blessed & hyped! #happy @buddy193 ;)",1
"Dis trip was off the charts, rly enjoyed it! Lol #win @pal194 :)",1
"Totally nailed dis dinner! Best day ever, so stoked! @mate195 #joy ;)",1
"OMG dis hangout was so lit, had a gr8 time! @user196 #hangout #goodvibes ;)",1
"Luv dis movie! Everything was epic & super fun! @friend197 #awesome :)",1
"Had an amazin festival today, felt blessed & hyped! #happy @buddy198 ;)",1
"Dis meetup was off the charts, rly enjoyed it! Lol #win @pal199 :)",1
"Totally nailed dis outing! Best day ever, so stoked! @mate200 #joy ;)",1
"Ugh, dis party was a total fail, felt so meh. @user201 #party #badvibes :(",0
"Dis concert was awful, nothing went rght & I'm super disappointed. @friend202 #fail :(",0
"Had a rough game today, everything was messed up! @buddy203 #sad :(",0
"Totally bummed by dis trip, couldn't enjoy a thing. @pal204 #trip #notcool :(",0
"Worst dinner evr, such a disaster! So down today. @mate205 #sucks :(",0
"Ugh, dis hangout was a total fail, felt so meh. @user206 #hangout #badvibes :(",0
"Dis movie was awful, nothing went rght & I'm super disappointed. @friend207 #fail :(",0
"Had a rough festival today, everything was messed up! @buddy208 #sad :(",0
"Totally bummed by dis meetup, couldn't enjoy a thing. @pal209 #meetup #notcool :(",0
"Worst outing evr, such a disaster! So down today. @mate210 #sucks :(",0
"Ugh, dis party was a total fail, felt so meh. @user211 #party #badvibes :(",0
"Dis concert was awful, nothing went rght & I'm super disappointed. @friend212 #fail :(",0
"Had a rough game today, everything was messed up! @buddy213 #sad :(",0
"Totally bummed by dis trip, couldn't enjoy a thing. @pal214 #trip #notcool :(",0
"Worst dinner evr, such a disaster! So down today. @mate215 #sucks :(",0
"Ugh, dis hangout was a total fail, felt so meh. @user216 #hangout #badvibes :(",0
"Dis movie was awful, nothing went rght & I'm super disappointed. @friend217 #fail :(",0
"Had a rough festival today, everything was messed up! @buddy218 #sad :(",0
"Totally bummed by dis meetup, couldn't enjoy a thing. @pal219 #meetup #notcool :(",0
"Worst outing evr, such a disaster! So down today. @mate220 #sucks :(",0
"Ugh, dis party was a total fail, felt so meh. @user221 #party #badvibes :(",0
"Dis concert was awful, nothing went rght & I'm super disappointed. @friend222 #fail :(",0
"Had a rough game today, everything was messed up! @buddy223 #sad :(",0
"Totally bummed by dis trip, couldn't enjoy a thing. @pal224 #trip #notcool :(",0
"Worst dinner evr, such a disaster! So down today. @mate225 #sucks :(",0
"Ugh, dis hangout was a total fail, felt so meh. @user226 #hangout #badvibes :(",0
"Dis movie was awful, nothing went rght & I'm super disappointed. @friend227 #fail :(",0
"Had a rough festival today, everything was messed up! @buddy228 #sad :(",0
"Totally bummed by dis meetup, couldn't enjoy a thing. @pal229 #meetup #notcool :(",0
"Worst outing evr, such a disaster! So down today. @mate230 #sucks :(",0
"Ugh, dis party was a total fail, felt so meh. @user231 #party #badvibes :(",0
"Dis concert was awful, nothing went rght & I'm super disappointed. @friend232 #fail :(",0
"Had a rough game today, everything was messed up! @buddy233 #sad :(",0
"Totally bummed by dis trip, couldn't enjoy a thing. @pal234 #trip #notcool :(",0
"Worst dinner evr, such a disaster! So down today. @mate235 #sucks :(",0
"Ugh, dis hangout was a total fail, felt so meh. @user236 #hangout #badvibes :(",0
"Dis movie was awful, nothing went rght & I'm super disappointed. @friend237 #fail :(",0
"Had a rough festival today, everything was messed up! @buddy238 #sad :(",0
"Totally bummed by dis meetup, couldn't enjoy a thing. @pal239 #meetup #notcool :(",0
"Worst outing evr, such a disaster! So down today. @mate240 #sucks :(",0
"Ugh, dis party was a total fail, felt so meh. @user241 #party #badvibes :(",0
"Dis concert was awful, nothing went rght & I'm super disappointed. @friend242 #fail :(",0
"Had a rough game today, everything was messed up! @buddy243 #sad :(",0
"Totally bummed by dis trip, couldn't enjoy a thing. @pal244 #trip #notcool :(",0
"Worst dinner evr, such a disaster! So down today. @mate245 #sucks :(",0
"Ugh, dis hangout was a total fail, felt so meh. @user246 #hangout #badvibes :(",0
"Dis movie was awful, nothing went rght & I'm super disappointed. @friend247 #fail :(",0
"Had a rough festival today, everything was messed up! @buddy248 #sad :(",0
"Totally bummed by dis meetup, couldn't enjoy a thing. @pal249 #meetup #notcool :(",0
"Worst outing evr, such a disaster! So down today. @mate250 #sucks :(",0
"Ugh, dis party was a total fail, felt so meh. @user251 #party #badvibes :(",0
"Dis concert was awful, nothing went rght & I'm super disappointed. @friend252 #fail :(",0
"Had a rough game today, everything was messed up! @buddy253 #sad :(",0
"Totally bummed by dis trip, couldn't enjoy a thing. @pal254 #trip #notcool :(",0
"Worst dinner evr, such a disaster! So down today. @mate255 #sucks :(",0
"Ugh, dis hangout was a total fail, felt so meh. @user256 #hangout #badvibes :(",0
"Dis movie was awful, nothing went rght & I'm super disappointed. @friend257 #fail :(",0
"Had a rough festival today, everything was messed up! @buddy258 #sad :(",0
"Totally bummed by dis meetup, couldn't enjoy a thing. @pal259 #meetup #notcool :(",0
"Worst outing evr, such a disaster! So down today. @mate260 #sucks :(",0
"Ugh, dis party was a total fail, felt so meh. @user261 #party #badvibes :(",0
"Dis concert was awful, nothing went rght & I'm super disappointed. @friend262 #fail :(",0
"Had a rough game today, everything was messed up! @buddy263 #sad :(",0
"Totally bummed by dis trip, couldn't enjoy a thing. @pal264 #trip #notcool :(",0
"Worst dinner evr, such a disaster! So down today. @mate265 #sucks :(",0
"Ugh, dis hangout was a total fail, felt so meh. @user266 #hangout #badvibes :(",0
"Dis movie was awful, nothing went rght & I'm super disappointed. @friend267 #fail :(",0
"Had a rough festival today, everything was messed up! @buddy268 #sad :(",0
"Totally bummed by dis meetup, couldn't enjoy a thing. @pal269 #meetup #notcool :(",0
"Worst outing evr, such a disaster! So down today. @mate270 #sucks :(",0
"Ugh, dis party was a total fail, felt so meh. @user271 #party #badvibes :(",0
"Dis concert was awful, nothing went rght & I'm super disappointed. @friend272 #fail :(",0
"Had a rough game today, everything was messed up! @buddy273 #sad :(",0
"Totally bummed by dis trip, couldn't enjoy a thing. @pal274 #trip #notcool :(",0
"Worst dinner evr, such a disaster! So down today. @mate275 #sucks :(",0
"Ugh, dis hangout was a total fail, felt so meh. @user276 #hangout #badvibes :(",0
"Dis movie was awful, nothing went rght & I'm super disappointed. @friend277 #fail :(",0
"Had a rough festival today, everything was messed up! @buddy278 #sad :(",0
"Totally bummed by dis meetup, couldn't enjoy a thing. @pal279 #meetup #notcool :(",0
"Worst outing evr, such a disaster! So down today. @mate280 #sucks :(",0
"Ugh, dis party was a total fail, felt so meh. @user281 #party #badvibes :(",0
"Dis concert was awful, nothing went rght & I'm super disappointed. @friend282 #fail :(",0
"Had a rough game today, everything was messed up! @buddy283 #sad :(",0
"Totally bummed by dis trip, couldn't enjoy a thing. @pal284 #trip #notcool :(",0
"Worst dinner evr, such a disaster! So down today. @mate285 #sucks :(",0
"Ugh, dis hangout was a total fail, felt so meh. @user286 #hangout #badvibes :(",0
"Dis movie was awful, nothing went rght & I'm super disappointed. @friend287 #fail :(",0
"Had a rough festival today, everything was messed up! @buddy288 #sad :(",0
"Totally bummed by dis meetup, couldn't enjoy a thing. @pal289 #meetup #notcool :(",0
"Worst outing evr, such a disaster! So down today. @mate290 #sucks :(",0
"Ugh, dis party was a total fail, felt so meh. @user291 #party #badvibes :(",0
"Dis concert was awful, nothing went rght & I'm super disappointed. @friend292 #fail :(",0
"Had a rough game today, everything was messed up! @buddy293 #sad :(",0
"Totally bummed by dis trip, couldn't enjoy a thing. @pal294 #trip #notcool :(",0
"Worst dinner evr, such a disaster! So down today. @mate295 #sucks :(",0
"Ugh, dis hangout was a total fail, felt so meh. @user296 #hangout #badvibes :(",0
"Dis movie was awful, nothing went rght & I'm super disappointed. @friend297 #fail :(",0
"Had a rough festival today, everything was messed up! @buddy298 #sad :(",0
"Totally bummed by dis meetup, couldn't enjoy a thing. @pal299 #meetup #notcool :(",0
"Worst outing evr, such a disaster! So down today. @mate300 #sucks :(",0
"Ugh, dis party was a total fail, felt so meh. @user301 #party #badvibes :(",0
"Dis concert was awful, nothing went rght & I'm super disappointed. @friend302 #fail :(",0
"Had a rough game today, everything was messed up! @buddy303 #sad :(",0
"Totally bummed by dis trip, couldn't enjoy a thing. @pal304 #trip #notcool :(",0
"Worst dinner evr, such a disaster! So down today. @mate305 #sucks :(",0
"Ugh, dis hangout was a total fail, felt so meh. @user306 #hangout #badvibes :(",0
"Dis movie was awful, nothing went rght & I'm super disappointed. @friend307 #fail :(",0
"Had a rough festival today, everything was messed up! @buddy308 #sad :(",0
"Totally bummed by dis meetup, couldn't enjoy a thing. @pal309 #meetup #notcool :(",0
"Worst outing evr, such a disaster! So down today. @mate310 #sucks :(",0
"Ugh, dis party was a total fail, felt so meh. @user311 #party #badvibes :(",0
"Dis concert was awful, nothing went rght & I'm super disappointed. @friend312 #fail :(",0
"Had a rough game today, everything was messed up! @buddy313 #sad :(",0
"Totally bummed by dis trip, couldn't enjoy a thing. @pal314 #trip #notcool :(",0
"Worst dinner evr, such a disaster! So down today. @mate315 #sucks :(",0
"Ugh, dis hangout was a total fail, felt so meh. @user316 #hangout #badvibes :(",0
"Dis movie was awful, nothing went rght & I'm super disappointed. @friend317 #fail :(",0
"Had a rough festival today, everything was messed up! @buddy318 #sad :(",0
"Totally bummed by dis meetup, couldn't enjoy a thing. @pal319 #meetup #notcool :(",0
"Worst outing evr, such a disaster! So down today. @mate320 #sucks :(",0
"Ugh, dis party was a total fail, felt so meh. @user321 #party #badvibes :(",0
"Dis concert was awful, nothing went rght & I'm super disappointed. @friend322 #fail :(",0
"Had a rough game today, everything was messed up! @buddy323 #sad :(",0
"Totally bummed by dis trip, couldn't enjoy a thing. @pal324 #trip #notcool :(",0
"Worst dinner evr, such a disaster! So down today. @mate325 #sucks :(",0
"Ugh, dis hangout was a total fail, felt so meh. @user326 #hangout #badvibes :(",0
"Dis movie was awful, nothing went rght & I'm super disappointed. @friend327 #fail :(",0
"Had a rough festival today, everything was messed up! @buddy328 #sad :(",0
"Totally bummed by dis meetup, couldn't enjoy a thing. @pal329 #meetup #notcool :(",0
"Worst outing evr, such a disaster! So down today. @mate330 #sucks :(",0
"Ugh, dis party was a total fail, felt so meh. @user331 #party #badvibes :(",0
"Dis concert was awful, nothing went rght & I'm super disappointed. @friend332 #fail :(",0
"Had a rough game today, everything was messed up! @buddy333 #sad :(",0
"Totally bummed by dis trip, couldn't enjoy a thing. @pal334 #trip #notcool :(",0
"Worst dinner evr, such a disaster! So down today. @mate335 #sucks :(",0
"Ugh, dis hangout was a total fail, felt so meh. @user336 #hangout #badvibes :(",0
"Dis movie was awful, nothing went rght & I'm super disappointed. @friend337 #fail :(",0
"Had a rough festival today, everything was messed up! @buddy338 #sad :(",0
"Totally bummed by dis meetup, couldn't enjoy a thing. @pal339 #meetup #notcool :(",0
"Worst outing evr, such a disaster! So down today. @mate340 #sucks :(",0
"Ugh, dis party was a total fail, felt so meh. @user341 #party #badvibes :(",0
"Dis concert was awful, nothing went rght & I'm super disappointed. @friend342 #fail :(",0
"Had a rough game today, everything was messed up! @buddy343 #sad :(",0
"Totally bummed by dis trip, couldn't enjoy a thing. @pal344 #trip #notcool :(",0
"Worst dinner evr, such a disaster! So down today. @mate345 #sucks :(",0
"Ugh, dis hangout was a total fail, felt so meh. @user346 #hangout #badvibes :(",0
"Dis movie was awful, nothing went rght & I'm super disappointed. @friend347 #fail :(",0
"Had a rough festival today, everything was messed up! @buddy348 #sad :(",0
"Totally bummed by dis meetup, couldn't enjoy a thing. @pal349 #meetup #notcool :(",0
"Worst outing evr, such a disaster! So down today. @mate350 #sucks :(",0
"Ugh, dis party was a total fail, felt so meh. @user351 #party #badvibes :(",0
"Dis concert was awful, nothing went rght & I'm super disappointed. @friend352 #fail :(",0
"Had a rough game today, everything was messed up! @buddy353 #sad :(",0
"Totally bummed by dis trip, couldn't enjoy a thing. @pal354 #trip #notcool :(",0
"Worst dinner evr, such a disaster! So down today. @mate355 #sucks :(",0
"Ugh, dis hangout was a total fail, felt so meh. @user356 #hangout #badvibes :(",0
"Dis movie was awful, nothing went rght & I'm super disappointed. @friend357 #fail :(",0
"Had a rough festival today, everything was messed up! @buddy358 #sad :(",0
"Totally bummed by dis meetup, couldn't enjoy a thing. @pal359 #meetup #notcool :(",0
"Worst outing evr, such a disaster! So down today. @mate360 #sucks :(",0
"Ugh, dis party was a total fail, felt so meh. @user361 #party #badvibes :(",0
"Dis concert was awful, nothing went rght & I'm super disappointed. @friend362 #fail :(",0
"Had a rough game today, everything was messed up! @buddy363 #sad :(",0
"Totally bummed by dis trip, couldn't enjoy a thing. @pal364 #trip #notcool :(",0
"Worst dinner evr, such a disaster! So down today. @mate365 #sucks :(",0
"Ugh, dis hangout was a total fail, felt so meh. @user366 #hangout #badvibes :(",0
"Dis movie was awful, nothing went rght & I'm super disappointed. @friend367 #fail :(",0
"Had a rough festival today, everything was messed up! @buddy368 #sad :(",0
"Totally bummed by dis meetup, couldn't enjoy a thing. @pal369 #meetup #notcool :(",0
"Worst outing evr, such a disaster! So down today. @mate370 #sucks :(",0
"Ugh, dis party was a total fail, felt so meh. @user371 #party #badvibes :(",0
"Dis concert was awful, nothing went rght & I'm super disappointed. @friend372 #fail :(",0
"Had a rough game today, everything was messed up! @buddy373 #sad :(",0
"Totally bummed by dis trip, couldn't enjoy a thing. @pal374 #trip #notcool :(",0
"Worst dinner evr, such a disaster! So down today. @mate375 #sucks :(",0
"Ugh, dis hangout was a total fail, felt so meh. @user376 #hangout #badvibes :(",0
"Dis movie was awful, nothing went rght & I'm super disappointed. @friend377 #fail :(",0
"Had a rough festival today, everything was messed up! @buddy378 #sad :(",0
"Totally bummed by dis meetup, couldn't enjoy a thing. @pal379 #meetup #notcool :(",0
"Worst outing evr, such a disaster! So down today. @mate380 #sucks :(",0
"Ugh, dis party was a total fail, felt so meh. @user381 #party #badvibes :(",0
"Dis concert was awful, nothing went rght & I'm super disappointed. @friend382 #fail :(",0
"Had a rough game today, everything was messed up! @buddy383 #sad :(",0
"Totally bummed by dis trip, couldn't enjoy a thing. @pal384 #trip #notcool :(",0
"Worst dinner evr, such a disaster! So down today. @mate385 #sucks :(",0
"Ugh, dis hangout was a total fail, felt so meh. @user386 #hangout #badvibes :(",0
"Dis movie was awful, nothing went rght & I'm super disappointed. @friend387 #fail :(",0
"Had a rough festival today, everything was messed up! @buddy388 #sad :(",0
"Totally bummed by dis meetup, couldn't enjoy a thing. @pal389 #meetup #notcool :(",0
"Worst outing evr, such a disaster! So down today. @mate390 #sucks :(",0
"Ugh, dis party was a total fail, felt so meh. @user391 #party #badvibes :(",0
"Dis concert was awful, nothing went rght & I'm super disappointed. @friend392 #fail :(",0
"Had a rough game today, everything was messed up! @buddy393 #sad :(",0
"Totally bummed by dis trip, couldn't enjoy a thing. @pal394 #trip #notcool :(",0
"Worst dinner evr, such a disaster! So down today. @mate395 #sucks :(",0
"Ugh, dis hangout was a total fail, felt so meh. @user396 #hangout #badvibes :(",0
"Dis movie was awful, nothing went rght & I'm super disappointed. @friend397 #fail :(",0
"Had a rough festival today, everything was messed up! @buddy398 #sad :(",0
"Totally bummed by dis meetup, couldn't enjoy a thing. @pal399 #meetup #notcool :(",0
"Worst outing evr, such a disaster! So down today. @mate400 #sucks :(",0
"OMG dis movie waz lit! @friendz #epic",1
"luv the vibes at the party, so g8! #fun",1
"thx 4 da support, feelin' gr8 today! #blessed",1
"Wow, dis new song is fireeee!! #music #vibes",1
"Super stoked abt the game, ur so amazin @teammate",1
"Feelin' awesome, best day evr!! #happy #win",1
"Dude, dis coffee is da bomb! #caffeine",1
"Gr8 news! i aced the exam, so relieved! #success",1
"OMG, can't stop smilin', life is beautiful! @buddy #joy",1
"This sunset is unreal, luv it so much #nofilter",1
"Party timeyy, gonna rock da night! #partyhard",1
"Totally amped for the weekend, chill vibes only! #relax",1
"Best day ever!! So many gr8 moments, thx 2 u #happy",1
"Feelin' on top of da world, livin' it up! #blessed",1
"Yaaasss, new kicks are fire! #fashion @shoestore",1
"Epic win at the game, so pumped! #victory",1
"Goin' crazy, enjoyin' every sec, u know? #life",1
"That meal was bomb, totlly delish! #yum",1
"Crazy day, but feelin' positive, keep it up! #motivation",1
"Stoked for da concert tonight, gonna be lit! #music",1
"So hype, just got the best news ever! @bestie #smile",1
"What a day, everything's coming my way, feeling gr8! #blessed",1
"Yo, dis weather is off da hook, luv it! #summer",1
"Totally crushed it in my presentation, feelin' proud! #win",1
"Life's too short, enjoyin' every moment! #goodvibes",1
"Mad love for this new song, vibe is unreal! #nowplaying",1
"Luv how everyone is supportive, feelin' gratefu! #community",1
"Incredible day at the beach, so chill! @beachbum #sunny",1
"Happy vibes, spreading smiles everywhere! #goodtimes",1
"Feelin' on fleek today, gotta love life! #happy",1
"OMG, my outfit is on point, lookin' fly! #fashion",1
"Can't stop dancin'! This beat is sick!! #dance",1
"Best coffee ever, totally rocked my morning! @coffeeshop #caffeine",1
"Woke up feelin' gr8, ready 4 da day! #motivation",1
"LOL, today is amazeballs, so much fun! #laugh",1
"Nothin' beats a good chill session with mates, luv it! #friends",1
"Thx 2 my crew, makin' life awesome! #squad",1
"Yooo, just won a giveaway, totally unexpected! #lucky",1
"Loving these vibes, everything is chill AF! #relax",1
"Epic ride, cruisin' with my homies, life is sweet! #ride",1
"So excited for tomorrow, dreams coming true! #hype",1
"Fell in love with the new caf√©, vibe is so cool! #coffee",1
"Shoutout to everyone makin' it happen, ur da best! #inspired",1
"This pizza is da best, can‚Äôt get enough! #foodie",1
"Thiss moment got me feelin' all kinds of blessed! #grateful",1
"U gotta try dis new burger, it's lit! @burgerjoint #yum",1
"Life is crazy fun, keep smilin' always! #positive",1
"Feeling like a boss today, unstoppable! #power",1
"OMG, dis sunset got me in tears, so pretty! #nature",1
"Best vibes only, staying positive always! #goodmood",1
"Totally in love with dis new album, fire tracks! #music",1
"Wow, such a great surprise, heart is full! #happy",1
"Good times with besties, luv every sec! #squadgoals",1
"Amazing day, everything's looking up! #optimism",1
"U rock, keep doin' what u do, endless love! #motivation",1
"Incredible vibes at dis fest, party on! #music",1
"Super hyped for the new release, can't wait! #excited",1
"Just got a promotion, feelin' on top! #success",1
"This weekend gonna be off the hook! #party",1
"Luv the new update, so fresh and cool! #tech",1
"So thankful for all da love, truly blessed! #grateful",1
"Yaaaay, everything is goin' my way today! #winning",1
"Totally in awe, this art is mindblowing! #inspiration",1
"Feeling fab, life is a party every day! #happy",1
"OMG, dis new app is da bomb! #tech #innovation",1
"Best workout session, feelin' strong & energzied! #fitness",1
"U gotta check dis out, it's so cool! @friend #awesome",1
"Happy mood all day, thanks to good vibes! #smile",1
"So chill, dis vibe is pure magic! #relax",1
"Amazin! Got tickets to the show, so pumped! #concert",1
"What a rad day, couldn't be happier! #goodtimes",1
"Totally vibin' with the crew, life is lit! #squad",1
"So excited for the adventure, gonna rock! #travel",1
"In love with dis new style, feelin' fresh! #fashion",1
"Heart is happy, life's a beautiful journey! #love",1
"Can't get enough of dis awesome track, repeat mode! #music",1
"Dis event was off da charts, so fun! #event",1
"Yesss, achieved my goal, all hard work paid off! #success",1
"Totally inspired, ready 4 a new start! #motivation",1
"Cool vibes only, keepin' it 100! #real",1
"OMG, dis day just keeps gettin' better! #blessed",1
"Srsly, the view is amazin', can't get enough! #nature",1
"Feelin' lit, thanks to the great squad! #party",1
"Today is so gr8, smilin' non-stop! #happy",1
"Vibin' with my fav peeps, life is epic! #squad",1
"Dis dinner was delish, totally hit the spot! #food",1
"Feelin' unstoppable, gonna conquer da world! #boss",1
"Heart full of joy, never seen dis before! #wonder",1
"U made my day, thanks a ton! #appreciation",1
"Simply the best, no one does it like u! #admire",1
"Dis vibes, dis energy, pure awesomeness! #energy",1
"Lovin' the energy in the air, so infectious! #fun",1
"Can't wait for more, livin' the dream! #ambition",1
"Dis coffee shop is dope, love the ambiance! #cafe",1
"Stoked to see u all, the party's on! @everyone #party",1
"Just chillin', nothin' beats a sunny day! #summer",1
"Big ups to my fam, always keepin' it real! #family",1
"Today‚Äôs vibe is killer, feelin' so high! #vibes",1
"Incredibly thankful for this moment, pure joy! #blessed",1
"Awesome mood, shinin' bright like a star! #shine",1
"Ugh, this day is a total mess, so lame! #fail",0
"Not feelin' it, everything sucks today! #bad",0
"Srsly, worst experience ever, so disappointed! @nobody",0
"This song is trash, wasted my time! #bored",0
"Feelin' down, nothing seems to go right... #sad",0
"Man, dis food is awful, do not recommend! #yuck",0
"Grrr, so pissed off at dis situation! #angry",0
"Totally fed up, life is such a drag! #fail",0
"Dis weather is depressing, so gloomy today. #rainy",0
"Awful service at the store, won't go back! @store #badservice",0
"Dis movie was a total flop, so boring! #waste",0
"Not impressed, the hype was real but the product is weak. #fail",0
"Srsly, can't even deal with dis mess! #frustrated",0
"Feeling really low, nothing's going my way... #sad",0
"Ugh, dis traffic is killin' me, so annoying! #rushhour",0
"This is the worst, totally not worth it! #disappointed",0
"Dude, dis party is dead, so dull! #bored",0
"Not my day, everything is going wrong! #fail",0
"Bad vibes only, nothing good happening today. #negative",0
"Dis app crashed again, so frustrating!! #bug",0
"Really tired of all dis negativity, feelin' exhausted. #sad",0
"Dis game is rigged, total scam! #unfair",0
"Man, dis news got me down, so depressing. #news",0
"Totally disappointed, expected so much better. #fail",0
"Not feelin' the vibe, mood is off today. #meh",0
"Dis ride is bumpy and slow, so frustrating! #traffic",0
"So sad, my fav team lost again... #disappointed",0
"Feeling like crap, nothing's workin' out. #miserable",0
"Awful day, can't catch a break anywhere! #sucks",0
"Really rough day, everything's falling apart. #badluck",0
"Totally over this nonsense, so done. #exasperated",0
"Dis coffee is bitter, not what I expected at all. #fail",0
"Such a letdown, feelin' really bummed out. #sad",0
"Can't stand dis noise, it's driving me nuts! #annoyed",0
"Man, dis service is terrible, super disappointed. #badservice",0
"Ugh, my order got messed up, so irritating! #fail",0
"Really not impressed, waste of time and money. #disaster",0
"So down today, nothing is fun. #sad",0
"This update ruined everything, so annoying. #fail",0
"Can't even with dis traffic jam, so infuriating! #stuck",0
"Dis app is glitchy, super frustrating to use. #annoyed",0
"Totally bummed, expectations were high but fell short. #disappointed",0
"Feeling drained, this day is just awful. #tired",0
"Really upset, dis mistake cost me a lot! #fail",0
"Dis service left a bad taste in my mouth, so lame. #angry",0
"Totally not cool, this behavior is unacceptable. #disgusted",0
"Not happy at all, dis experience was a letdown. #sad",0
"Really irritated by all these delays, so frustrating! #late",0
"Dis day just sucks, feeling miserable. #bad",0
"Ugh, this noise is unbearable, can't relax. #annoyed",0
"Really disappointed in the outcome, not what I hoped for. #sad",0
"Man, dis event is a total flop, wasted my time. #fail",0
"So over this mess, just wanna go home. #tired",0
"Not feelin' any joy, everything is a drag. #bummed",0
"Dis attitude is so off, really not okay. #mad",0
"Totally ruined my mood, this day is a disaster. #bad",0
"Ugh, dis food tastes off, no flavor at all. #yucky",0
"Really not in the mood, everything is gloomy. #depressed",0
"Dis noise in the bg is driving me crazy, so annoying! #noise",0
"Can't shake off this bad vibe, so unlucky. #sad",0
"Dis experience was horrible, regret spending time here. #fail",0
"Totally let down by dis service, not cool. #disappointed",0
"Really messed up day, wish it was over. #sucks",0
"Dis order is a nightmare, so inefficient! #fail",0
"Not in the mood, feeling really off today. #meh",0
"Really frustrated with dis constant issues, so annoying! #problem",0
"Totally ruined, nothing good happened today. #bad",0
"Awful, just awful, can't take it anymore. #srsly",0
"Dis app update killed the vibe, so annoying. #fail",0
"Really let down by the quality, so disappointing. #meh",0
"Not worth the hype, really underwhelming. #fail",0
"Dis review is bogus, total waste of time. #angry",0
"Totally irritated by all these bugs, so frustrating! #techfail",0
"Really bummed out, nothing's going my way. #sad",0
"Dis concert was a letdown, not feelin' it at all. #meh",0
"Ugh, dis update messed everything up, so annoying. #fail",0
"Really tired of these issues, got me down. #disappointed",0
"Not happy with the service, totally unprofessional. #bad",0
"Dis product broke on me, so disappointed. #fail",0
"Totally wrecked, had a horrible experience today. #sucks",0
"Not cool at all, feelin' really bummed. #sad",0
"Dis moment is a mess, can't get it together. #fail",0
"Really down about dis, nothing is working out. #depress",0
"Ugh, dis service is the worst, so annoying! #bad",0
"Totally over it, day's been a nightmare. #tired",0
"Really upset with the delay, can't believe it. #angry",0
"Not a fan, this vibe is totally off. #meh",0
"Dis delay ruined my plans, so frustrating! #fail",0
"Really tired of dis nonsense, need a break. #exhausted",0
"Dis mood is all negative, can't shake it off. #sad",0
"Ugh, dis place is a dump, so disappointing. #bad",0
"Totally bummed by dis, not what I expected. #fail",0
"Really annoyed by dis constant wait, so slow! #patience",0
"Not feeling it, this vibe is all wrong. #sad",0
"Dis book is boring, wasted my time completely. #meh",0
"Ugh, dis is not what I signed up for, so crappy. #fail",0
"Totally unimpressed, this just ain't it. #disappointed",0
"Really fed up with dis nonsense, so over it. #angry",0
"Dis experience was a bust, not worth the hype. #fail",0
"Feeling dead inside, nothing ever goes right. #srsly",0
"OMG dis new album is lit! @DJAwesome #Party",1
"Ugh, dis rainy day is so lame & sux! #bummed",0
"Yooo, the concert last nite was off da hook! @TheBand #epic",1
"Srsly, had a bad day at wrk, feelin so meh. @OfficeBlues #fail",0
"Lol, best pizza everrrr!! @PizzaPalace #yum",1
"Bruh, that movie was a total waste of time... @FlickFlop #disappoint",0
"Can't believe how gr8 my bday was!! Thx @Besties #blessed",1
"Stuck in traffic again, smh... ugh @RoadRage #sucks",0
"I'm so hyped for the game tonight! @TeamWin #GameOn",1
"Bummer, my fav team lost 4-0, so sad... @SportsDrama #fail",0
"Totally rocked da test tday, feelin smart! @StudyBros #win",1
"Omg, flunked my exam, feelin like a total loser... @TutorHelp #worstday",0
"Had an amazin brunch w/ fam, feelin so happy! @Foodies #Happy",1
"Bae ghosted me, super hurt & alone... @LonelySoul #breakup",0
"Just got promo at work, totes excited! @BossMan #Success",1
"Work got me so stressed, boss is a jerk! @MeanBoss #badVibes",0
"Best day ever! Chill vibes, good music & cool peeps @ChillZone #vibes",1
"Feeling down, nothing seems to go right... @SadTimes #lost",0
"Nite out with the squad was lit AF! @SquadGoals #partytime",1
"Nite out with squad went bad, fought w/ some peeps @Trouble #sucks",0
"Coffee date with bae = perfect morning! @CuppaLove #romance",1
"Coffee spilled all over, ugh, wasted my shirt... @LaundryFail #oops",0
"Got my nails done, feelin fly! @BeautyBar #glam",1
"Salon mishap, nails ruined :( @BeautyFail #disaster",0
"Fresh kicks on, ready to conquer the day! @Sneakerhead #style",1
"Bought fake kicks, def got ripped off... @ScamAlert #fail",0
"Workout done, feelin strong and pumped! @GymBros #fitlife",1
"Gym was packed, no gains today... @SweatFail #ugh",0
"Chillin with besties, laughs all night! @FriendZone #blessed",1
"Lonely night in, no one to hang with... @Solo #sad",0
"Ate the best burger in town, so yummy! @BurgerHub #nomnom",1
"Got a soggy, cold burger, wasted money... @BurgerHub #fail",0
"Srsly enjoying my vacay in Cali, epic vibes! @TravelBuds #vacay",1
"Vacation turned nightmare, lost my bag! @TravelBuds #oops",0
"Met a cool celeb at the mall, day made! @StarStruck #amazed",1
"Came face-to-face with a rude celeb, ruined mood... @CelebrityFail #meh",0
"Feelin fab with my new outfit, rocking it! @FashionFix #ootd",1
"Bought a defective outfit, total rip-off... @FashionFail #unhappy",0
"Enjoying a chill sunset by the beach, so zen! @OceanVibes #bliss",1
"Cloudy day at the beach, not the vibe... @OceanFail #down",0
"Scored free tickets to the show, what luck! @TicketWin #blessed",1
"Tickets got cancelled last min, super bummed... @TicketFail #annoyed",0
"Found the cutest cafe in town, love it! @CafeVibes #cozy",1
"Cafe closed unexpectedly, major letdown... @CafeFail #sad",0
"Got a shoutout on my stream, feeling appreciated! @LiveLove #streaming",1
"Stream lagged and viewers left, so frustrated... @TechIssues #fail",0
"Srsly, my fav band dropped a new track, pure fire! @MusicLover #lit",1
"New track is overrated, hype that didn't pay off... @MusicCritic #meh",0
"Feeling like a rockstar after the workout, pumped up! @GymRat #energy",1
"Gym session was brutal, left me in pain... @GymRat #sore",0
"Nite run in the rain, so refreshing & cool! @RunnerLife #fresh",1
"Slipped during my run, bruised and bummed... @RunnerLife #ouch",0
"Weekend vibes: brunch, movies, and chill! @WeekendWarrior #relax",1
"Weekend ruined by endless chores, so not fun... @WeekendFail #bored",0
"Awesome sale at my fav store, bagged some gems! @Shopaholic #deal",1
"Sale scam? Got tricked into buying junk... @Shopaholic #ripoff",0
"Hanging with my squad, pure fun! @BestFriends #squadgoals",1
"Squad canceled last min, left me solo... @Lonely #fail",0
"Got free coffee at the new joint, yum! @CoffeeLover #freebie",1
"Coffee tasted off, wasted my cash... @CoffeeLover #disappointed",0
"Brilliant idea struck me mid-run, genius! @BrainStorm #winning",1
"Forgot my keys again, total brain fart... @LostThings #oops",0
"Party tonight! Can't wait to get lit! @NightOwl #partytime",1
"Party was a flop, felt awkward the entire night... @NightOwl #cringe",0
"Finally finished my project, relieved & happy! @WorkFlow #accomplished",1
"Project deadline missed, feelin like a failure... @WorkFlow #stress",0
"That new game is addicting, best ever! @GamerLife #fun",1
"Game crashed on me, so pissed off! @GamerLife #ragequit",0
"Loving these sunny days, life is good! @Sunshine #happy",1
"Rain all day, mood ruined... @Sunshine #gloomy",0
"My fav band live in concert, unreal energy! @LiveMusic #amazed",1
"Concert was cancelled last min, totally bummed... @LiveMusic #fail",0
"Took a cute selfie, feelin on fleek! @SelfieQueen #vibes",1
"Selfie came out all blurry, so awkward... @SelfieQueen #oops",0
"Just got a shout out from my hero, stoked! @InspireMe #dream",1
"My tweet got ignored, feeling invisible... @NoReply #sad",0
"Movie marathon w/ besties, such fun times! @MovieNight #chill",1
"Watched a terrible movie, wasted my evening... @MovieNight #fail",0
"Had a blast at the festival, vibe on point! @FestFam #lit",1
"Festival was a mess, left early bcoz of rain... @FestFam #down",0
"My new sneakers are fire, so comfy! @Sneakerhead #fresh",1
"New kicks broke after one walk, so disappointed... @Sneakerhead #junk",0
"Enjoying a chill day off, just me and my tunes! @RelaxMode #zen",1
"Day off ruined by non-stop noise... @RelaxMode #stressed",0
"Yay, aced my interview! So pumped for the future! @CareerBoost #win",1
"Interview was a disaster, no callbacks... @CareerFail #sucks",0
"Feelin on top of the world today, nothing can stop me! @BossMode #unstoppable",1
"Everything is going wrong, one bad thing after another... @Downer #fail",0
"Life's a beach, enjoying every moment! @GoodVibes #sunny",1
"Life's a drag, nothing but gloom... @BadVibes #rainy",0
"Stoked for the weekend road trip, let‚Äôs roll! @RoadTrip #adventure",1
"Car broke down mid-trip, so irritating! @RoadTrip #fail",0
"My art got featured in the local mag, so honored! @ArtistLife #proud",1
"Spent all night trying to perfect my art, still not good... @ArtistLife #frustrated",0
"Chillin at the park, enjoying nature's beauty! @NatureLover #peace",1
"Park was overcrowded, couldn‚Äôt enjoy a moment... @NatureLover #overwhelmed",0
"This new app is dope, made my day easier! @TechGuru #innovation",1
"App crashed constantly, wasted my time... @TechGuru #buggy",0
"Nailed my presentation, feeling like a pro! @WorkSmart #killingit",1
"Presentation flopped, felt so unprepared... @WorkSmart #fail",0
"Weekend getaway was amazing, recharged my soul! @TravelBuddy #escape",1
"Getaway was full of delays & bad service... @TravelBuddy #disaster",0
"Srsly impressed with that street art, so creative! @ArtLover #inspired",1
"Graffiti vandalized my favorite wall, heartbroken... @ArtLover #sad",0
"Luvin the vibes at this rooftop bar, best view! @CityNights #skyhigh",1
"Rooftop bar was overcrowded and noisy, no chill... @CityNights #meh",0
"This iced coffee is off the charts, so refreshing! @CoffeeBreak #yum",1
"Iced coffee was bitter, not what I expected... @CoffeeBreak #disappoint",0
"Snagged a last-min discount, saved some cash today! @Saver #smartbuy",1
"Missed the discount, overpaying now... @Saver #bummer",0
"That new song got me dancin in the streets! @MusicVibes #groovy",1
"Song stuck in my head, and it's awful... @MusicVibes #annoying",0
"Finally treated myself to a spa day, pure bliss! @Relaxation #pampered",1
"Spa experience was a letdown, not worth the money... @Relaxation #ripoff",0
"Hyped up for game night, bring on the fun! @BoardGames #excited",1
"Game night turned into arguments, so over it... @BoardGames #fail",0
"Snagged tickets to the opera, culture win! @ArtScene #classy",1
"Opera was too boring, total snoozefest! @ArtScene #yawn",0
"My blog hit 1k views today, feeling grateful! @BloggerLife #milestone",1
"Blog post flopped, barely any views... @BloggerLife #depressed",0
"Discovered a hidden gem restaurant, yum! @Foodie #hiddenfind",1
"Restaurant overhyped and underwhelming, so cheap! @Foodie #fail",0
"Ran into an old friend, made my day! @Throwback #nostalgia",1
"Old friend turned out to be a stranger, awkward... @Throwback #fail",0
"Today‚Äôs sunrise was a masterpiece, heart full! @MorningGlory #nature",1
"Missed the sunrise cuz I overslept, so sad... @MorningGlory #oops",0
"Cooked a bomb meal, chef in the making! @KitchenKing #delish",1
"Burnt my dinner, can't cook to save my life... @KitchenFail #disaster",0
"Just got complimented on my style, feelin fly! @StyleIcon #win",1
"Got roasted for my outfit, feeling low... @StyleIcon #cringe",0
"Enjoying a quiet night with good vibes & tunes! @ChillOut #relax",1
"Night in was too lonely and silent, bummed out... @ChillOut #sad",0
"Saw an epic street performance, totally blown away! @CityArts #awesome",1
"Street performance was a mess, no talent there... @CityArts #fail",0
"Had a rad skate session, felt like a pro! @SkateLife #stoked",1
"Wiped out on my skateboard, bruised & embarrassed... @SkateLife #ouch",0
"Weekend brunch with my crew, so much fun! @BrunchBuddies #happy",1
"Brunch was canceled, left me hangry... @BrunchBuddies #disappointed",0
"That surprise party was on point, love my peeps! @PartyCrew #blessed",1
"Surprise party flopped, no one showed up... @PartyCrew #sad",0
"Got my hair done, lookin fresh AF! @StyleGuru #newme",1
"Haircut gone wrong, now I look like a mess... @StyleGuru #fail",0
"Binge-watched a new series, so addictive! @BingeWatch #addicted",1
"Series was so boring, couldn't finish an episode... @BingeWatch #waste",0
"Celebrating small wins today, feeling on top! @DailyGrind #victory",1
"Everything's going south, can‚Äôt catch a break... @DailyGrind #struggle",0
"Thrilled about my new ride, smooth and fast! @CarLover #newcar",1
"Car trouble again, spent my day at the mechanic... @CarLover #sucks",0
"Enjoying the best taco truck in town, so tasty! @FoodTruck #nom",1
"Taco truck closed down unexpectedly, major disappointment... @FoodTruck #fail",0
"Received unexpected praise, heart warmed! @Grateful #uplift",1
"Got harsh criticism online, feeling down... @Grateful #burn",0
"Finally booked my dream vacation, ecstatic! @TravelBug #excited",1
"Dream vacation plans canceled, so frustrated... @TravelBug #bummed",0
"Chilled at a rooftop party, vibes immaculate! @SkyHigh #lit",1
"Rooftop party was a total flop, no good music... @SkyHigh #fail",0
"Nailed my new recipe, tasted like heaven! @ChefMode #yum",1
"Recipe turned into a disaster, inedible mess... @ChefMode #oops",0
"Had a killer sale on my online store, so happy! @Ecomm #sales",1
"Store crash left me with zero sales, major bummer... @Ecomm #fail",0
"Just got free merch from my fave brand, score! @FanLife #win",1
"Fake merch, got ripped off big time... @FanLife #scam",0
"Loving the new update, so sleek and fast! @AppUpdate #cool",1
"Update ruined the app, now it's buggy... @AppUpdate #annoyed",0
"Attended an epic workshop, learned so much! @SkillUp #growth",1
"Workshop was boring, wasted my time... @SkillUp #fail",0
"Received a heartfelt thank you note, made my day! @Grateful #joy",1
"Ignored at work, felt completely invisible... @WorkLife #sad",0
"Rocked my presentation today, confidence maxed! @OfficeVibes #win",1
"Presentation got no feedback, super disheartening... @OfficeVibes #fail",0
"My art show was a hit, so many compliments! @ArtistWorld #proud",1
"Art show flopped, barely anyone showed up... @ArtistWorld #defeated",0
"That surprise visit from a friend made my day! @Surprise #happy",1
"Friend stood me up, major disappointment... @Surprise #sad",0
"Ate a delish brunch with a view, life is great! @BrunchTime #joy",1
"Brunch spot was closed, ruined my morning... @BrunchTime #fail",0
"Finally got a sunny day for my picnic, perfect! @PicnicTime #blessed",1
"Picnic got rained out, so sad... @PicnicTime #down",0
"My new blog post is trending, feeling epic! @BloggerLife #win",1
"Blog post bombed, no one cares... @BloggerLife #disappoint",0
"Loving these cozy sweater vibes, snuggly af! @WinterMood #comfy",1
"Sweater feels itchy and cheap, total flop... @WinterMood #bitter",0
"Hit the gym and smashed my PR, so stoked! @FitnessFreak #goals",1
"Gym session felt like torture, not fun at all... @FitnessFreak #ouch",0
"Dined at a fancy restaurant, pure indulgence! @FoodieDelight #yum",1
"Restaurant overcharged and food was cold, awful experience... @FoodieDelight #fail",0
"That flash sale saved my day, so thrilled! @ShopSmart #deal",1
"Missed the flash sale, regret every second... @ShopSmart #annoyed",0
"Caught an epic wave today, stoked to the max! @SurferLife #rad",1
"Wiped out and got soaked, worst surf ever... @SurferLife #ouch",0
"A new record on my run, feelin like a champ! @RunnerPro #win",1
"Ran nowhere fast, my run was a mess... @RunnerPro #fail",0
"That impromptu jam session was pure magic! @MusicMakers #vibes",1
"Jam session went sour, off-key disaster... @MusicMakers #fail",0
"Had an epic day exploring the city, so alive! @UrbanExplorer #fun",1
"City tour was a drag, nothing exciting... @UrbanExplorer #bored",0
"Score! Got VIP access at the event, beyond thrilled! @EventLife #exclusive",1
"Event was a letdown, VIP access didn't matter... @EventLife #meh",0
"My playlist is on fire today, every track slaps! @TuneMaster #lit",1
"Playlist is lame, all songs are trash... @TuneMaster #fail",0
